date,precipitation
2/9/1974,0
2/11/1974,4.8
3/11/1974,0
12/11/1974,0.1
13-11-1974,4.2
14-11-1974,0
17-11-1974,0.5
18-11-1974,19.8
19-11-1974,0.7
22-11-1974,2.1
23-11-1974,3.8
24-11-1974,20.4
25-11-1974,4.9
28-11-1974,3
3/12/1974,3.6
4/12/1974,24.6
5/12/1974,65
6/12/1974,36.3
8/12/1974,11.9
9/12/1974,2.1
10/12/1974,86.4
11/12/1974,36.5
13-12-1974,5.8
16-12-1974,0
18-12-1974,12.4
20-12-1974,11.8
22-12-1974,0.5
25-12-1974,1.4
26-12-1974,0
27-12-1974,0.2
28-12-1974,0
2/1/1975,3.7
4/1/1975,1.3
5/1/1975,0.1
6/1/1975,0.6
8/1/1975,10.5
10/1/1975,7.1
11/1/1975,7.9
17-01-1975,2.8
18-01-1975,0.3
19-01-1975,0
20-01-1975,2.3
21-01-1975,0.1
23-01-1975,0.3
26-01-1975,10.3
27-01-1975,20.6
28-01-1975,12.1
1/2/1975,61.8
2/2/1975,5
3/2/1975,44.9
4/2/1975,0.1
6/2/1975,6.8
7/2/1975,0.2
8/2/1975,2
9/2/1975,7.9
10/2/1975,10.6
19-02-1975,0.6
20-02-1975,29.8
21-02-1975,3.4
24-02-1975,0.5
26-02-1975,0
27-02-1975,0.3
28-02-1975,19.2
1/3/1975,34.1
2/3/1975,4.9
17-03-1975,8.7
18-03-1975,0.2
23-03-1975,0
24-03-1975,0
26-03-1975,0.2
8/4/1975,0
16-04-1975,1.4
17-04-1975,1.5
21-04-1975,0
24-06-1975,0
25-06-1975,0
10/8/1975,0
19-09-1975,0.4
30-09-1975,0.6
8/10/1975,5.5
9/10/1975,1
30-10-1975,11.9
9/11/1975,0
10/11/1975,1.8
11/11/1975,0.9
13-11-1975,1.5
14-11-1975,0.5
15-11-1975,0.1
21-11-1975,0
25-11-1975,3.8
26-11-1975,8.7
30-11-1975,11.1
1/12/1975,2.6
8/12/1975,5.3
9/12/1975,41.2
10/12/1975,4.7
15-12-1975,0.7
16-12-1975,0.5
17-12-1975,5.6
21-12-1975,14.6
26-12-1975,10.1
27-12-1975,6.8
28-12-1975,3.1
29-12-1975,24.5
30-12-1975,5
3/1/1976,0.9
5/1/1976,4.4
11/1/1976,6.7
12/1/1976,26.8
15-01-1976,0
16-01-1976,0.3
18-01-1976,5.7
19-01-1976,1.3
20-01-1976,5.4
23-01-1976,6.4
24-01-1976,0.1
29-01-1976,5.3
30-01-1976,10.1
2/2/1976,0.2
3/2/1976,2.4
4/2/1976,0.2
5/2/1976,2.1
8/2/1976,5.4
9/2/1976,3.5
10/2/1976,2.5
11/2/1976,6
16-02-1976,0.3
23-02-1976,16.9
24-02-1976,47.2
25-02-1976,4
26-02-1976,21.2
27-02-1976,1.2
28-02-1976,1.5
29-02-1976,0
1/3/1976,0.1
4/3/1976,0.2
5/3/1976,5.1
8/3/1976,0.3
9/3/1976,0.1
11/3/1976,9.3
12/3/1976,2.8
13-03-1976,13.5
14-03-1976,2.1
15-03-1976,0.3
16-03-1976,0.3
18-03-1976,0.2
19-03-1976,9.8
20-03-1976,12.7
21-03-1976,0.1
23-03-1976,0
4/4/1976,6.2
5/4/1976,4.9
6/4/1976,0.3
11/4/1976,0
12/4/1976,4.4
13-04-1976,0.1
15-04-1976,0
16-04-1976,0
18-04-1976,2.6
8/5/1976,2.6
11/5/1976,0
13-05-1976,0.2
18-05-1976,0.5
19-05-1976,0
20-05-1976,2.7
26-05-1976,0
27-05-1976,0
9/6/1976,0
24-09-1976,0
13-10-1976,0.1
20-10-1976,0
23-10-1976,0
24-10-1976,24.5
25-10-1976,3.7
26-10-1976,0
28-10-1976,0
29-10-1976,0
21-11-1976,1
22-11-1976,0
25-11-1976,16.4
26-11-1976,0.1
27-11-1976,31
28-11-1976,9.7
29-11-1976,0.5
1/12/1976,63.5
2/12/1976,0
9/12/1976,0.4
19-12-1976,0.4
20-12-1976,0.3
26-12-1976,0
27-12-1976,0.1
28-12-1976,8.5
29-12-1976,43
30-12-1976,9.4
2/1/1977,19
3/1/1977,11
4/1/1977,10.4
5/1/1977,18.2
6/1/1977,3.1
7/1/1977,0.9
8/1/1977,2
15-01-1977,6.1
16-01-1977,2.1
17-01-1977,0
18-01-1977,1.9
19-01-1977,18.7
20-01-1977,15.8
21-01-1977,14.8
22-01-1977,7.1
28-01-1977,5
29-01-1977,0.1
5/2/1977,17.4
6/2/1977,43
7/2/1977,1.5
8/2/1977,6.4
9/2/1977,0.8
15-02-1977,0
17-02-1977,0
1/3/1977,1.6
2/3/1977,13.9
3/3/1977,31.2
4/3/1977,15.4
5/3/1977,5.9
9/3/1977,4.3
10/3/1977,0.7
12/3/1977,1.3
17-03-1977,16.7
18-03-1977,9.7
19-03-1977,1.2
4/4/1977,1.2
5/4/1977,5.5
12/4/1977,1.5
13-04-1977,6.5
14-04-1977,2.6
15-04-1977,0
22-04-1977,5
23-04-1977,26.6
24-04-1977,0
28-04-1977,0
29-04-1977,0.4
12/5/1977,0
13-05-1977,0.9
18-06-1977,0
19-06-1977,0
26-07-1977,0
14-09-1977,0
15-10-1977,5
16-10-1977,32.7
17-10-1977,33
18-10-1977,1.6
19-10-1977,3.6
20-10-1977,0.2
21-10-1977,0.4
28-10-1977,0
2/11/1977,2.7
17-11-1977,0.2
28-11-1977,0
1/12/1977,0
2/12/1977,0
4/12/1977,7.8
5/12/1977,11.1
6/12/1977,3.1
8/12/1977,10.6
12/12/1977,5
13-12-1977,11.1
14-12-1977,15.5
15-12-1977,62.1
16-12-1977,2.8
21-12-1977,27
22-12-1977,47.2
23-12-1977,16.5
28-12-1977,14
2/1/1978,12
3/1/1978,24.8
9/1/1978,39.8
10/1/1978,1.4
11/1/1978,0
17-01-1978,1.5
19-01-1978,0
20-01-1978,0
24-01-1978,0
25-01-1978,1.2
26-01-1978,1.7
27-01-1978,0.4
30-01-1978,0
2/2/1978,0
9/2/1978,5.2
10/2/1978,1.9
16-02-1978,10.5
17-02-1978,17.4
18-02-1978,0.5
19-02-1978,0.3
22-02-1978,2.4
23-02-1978,25
5/3/1978,1
10/3/1978,0
11/3/1978,0
12/3/1978,9.7
13-03-1978,12.8
23-03-1978,12.1
24-03-1978,0
26-03-1978,0
29-03-1978,0.5
30-03-1978,0.6
16-04-1978,0
18-04-1978,0
21-04-1978,0.4
23-04-1978,0
24-04-1978,9
4/6/1978,0.4
17-09-1978,0
23-09-1978,0
14-10-1978,0.3
26-10-1978,7.8
27-10-1978,0.6
30-10-1978,16.4
31-10-1978,26.1
8/11/1978,2.8
9/11/1978,0.1
10/11/1978,4.2
11/11/1978,1.3
12/11/1978,0.5
14-11-1978,0.9
17-11-1978,0
29-11-1978,0
1/12/1978,23
2/12/1978,57.2
3/12/1978,25.1
4/12/1978,25.8
5/12/1978,0.2
8/12/1978,9.4
9/12/1978,2.1
10/12/1978,0
11/12/1978,0
12/12/1978,10.4
16-12-1978,0.3
25-12-1978,9.2
26-12-1978,3.3
28-12-1978,0.3
3/1/1979,0.7
4/1/1979,0.4
6/1/1979,0
8/1/1979,26
9/1/1979,4.4
15-01-1979,0.9
19-01-1979,1.8
20-01-1979,3.1
21-01-1979,17.1
22-01-1979,7.8
23-01-1979,2.6
27-01-1979,0
1/2/1979,0.4
7/2/1979,4.2
8/2/1979,2.9
9/2/1979,6.8
10/2/1979,4.6
22-02-1979,0
1/3/1979,0.2
5/3/1979,0.3
7/3/1979,18.2
8/3/1979,29.1
9/3/1979,2.3
13-03-1979,0.2
17-03-1979,0.1
23-03-1979,0.1
24-03-1979,0.2
25-03-1979,4.8
26-03-1979,5.4
30-03-1979,0
4/4/1979,0
13-04-1979,5.5
2/5/1979,0
4/5/1979,0
13-05-1979,0
18-05-1979,0
4/6/1979,0
15-08-1979,0
2/10/1979,0
3/10/1979,5.8
4/10/1979,1.8
5/10/1979,3.4
20-10-1979,0
22-10-1979,6.6
25-10-1979,0
1/11/1979,4.5
2/11/1979,1.9
6/11/1979,0
7/11/1979,0.8
13-11-1979,0
25-11-1979,1.3
26-11-1979,0
27-11-1979,2.7
28-11-1979,46
29-11-1979,25.3
30-11-1979,2.4
5/12/1979,37.9
6/12/1979,46.3
12/12/1979,1.3
13-12-1979,26.8
14-12-1979,46.8
15-12-1979,4.1
18-12-1979,2.7
19-12-1979,30.1
20-12-1979,0
24-12-1979,0
25-12-1979,6.6
26-12-1979,18
27-12-1979,4
28-12-1979,10.3
29-12-1979,3.4
30-12-1979,0
5/1/1980,10.5
6/1/1980,1.3
9/1/1980,0.3
10/1/1980,0.1
11/1/1980,1.3
12/1/1980,0.7
13-01-1980,3.1
14-01-1980,13
17-01-1980,0.8
22-01-1980,9.7
23-01-1980,13.5
24-01-1980,8.6
25-01-1980,3
28-01-1980,0.6
29-01-1980,1
3/2/1980,0
4/2/1980,10
5/2/1980,26.4
9/2/1980,0
10/2/1980,6
11/2/1980,2.6
13-02-1980,14.2
14-02-1980,8.3
15-02-1980,15.2
16-02-1980,2.2
17-02-1980,31.4
18-02-1980,12.7
19-02-1980,0
20-02-1980,0
21-02-1980,0
23-02-1980,0
24-02-1980,8.3
25-02-1980,18.6
26-02-1980,0.8
27-02-1980,4.7
28-02-1980,10.5
29-02-1980,17
1/3/1980,52.3
2/3/1980,5.2
8/3/1980,0.9
11/3/1980,2.9
12/3/1980,0.7
13-03-1980,0.2
14-03-1980,0
17-03-1980,14.5
18-03-1980,5.2
19-03-1980,0
23-03-1980,0
24-03-1980,0
26-03-1980,0.5
27-03-1980,0.8
1/4/1980,1.1
12/4/1980,2.6
14-04-1980,3.2
15-04-1980,1.4
27-04-1980,0
13-05-1980,0
4/9/1980,0
5/9/1980,0
6/9/1980,0
2/10/1980,2.5
3/10/1980,3
24-10-1980,1.8
30-10-1980,7.3
31-10-1980,1.5
1/11/1980,0.9
9/11/1980,1.2
20-11-1980,3.8
21-11-1980,0.2
26-11-1980,0
6/12/1980,0.5
10/12/1980,58.6
11/12/1980,13.3
12/12/1980,80.4
13-12-1980,22.8
14-12-1980,0.4
15-12-1980,6.6
16-12-1980,1.2
20-12-1980,0
24-12-1980,2.9
25-12-1980,3.5
26-12-1980,22.5
27-12-1980,1
28-12-1980,1.7
29-12-1980,4.2
30-12-1980,0.2
1/1/1981,0.3
2/1/1981,51.3
3/1/1981,40.1
4/1/1981,18.9
7/1/1981,3.4
10/1/1981,0.6
11/1/1981,18.5
12/1/1981,7.2
16-01-1981,3.6
17-01-1981,1
18-01-1981,0.6
25-01-1981,2.7
26-01-1981,39.7
27-01-1981,24
31-01-1981,37.3
1/2/1981,19.1
2/2/1981,0.2
4/2/1981,7.5
5/2/1981,6.6
8/2/1981,16.2
14-02-1981,0
15-02-1981,1.5
16-02-1981,4.2
17-02-1981,7.3
18-02-1981,0.5
19-02-1981,0
20-02-1981,0
23-02-1981,1.4
24-02-1981,2.9
25-02-1981,6
27-02-1981,0
28-02-1981,2.5
1/3/1981,4.3
2/3/1981,0.4
10/3/1981,0.7
11/3/1981,0
20-03-1981,0
21-03-1981,1
23-03-1981,0
24-03-1981,0.1
25-03-1981,17.7
26-03-1981,5
27-03-1981,0.6
4/4/1981,1.8
6/4/1981,0
11/4/1981,0
14-04-1981,0
15-04-1981,17.2
3/5/1981,0
7/5/1981,0.6
15-06-1981,0
11/10/1981,0
3/11/1981,7
4/11/1981,6.3
5/11/1981,0
10/11/1981,4.6
11/11/1981,3.5
12/11/1981,19.3
17-11-1981,7.9
18-11-1981,14.5
19-11-1981,2.8
20-11-1981,1.3
28-11-1981,16
29-11-1981,0.3
2/12/1981,0.3
16-12-1981,1.3
17-12-1981,1
21-12-1981,0.4
24-12-1981,7.3
25-12-1981,0.4
29-12-1981,0.2
4/1/1982,4.5
5/1/1982,6.6
6/1/1982,0.3
8/1/1982,16.5
9/1/1982,0.3
10/1/1982,0.1
14-01-1982,1.9
15-01-1982,0.1
21-01-1982,0
24-01-1982,0
25-01-1982,1.6
26-01-1982,3.6
27-01-1982,8
28-01-1982,2.8
31-01-1982,66.5
1/2/1982,12.5
2/2/1982,12
3/2/1982,18.9
4/2/1982,3.8
5/2/1982,12.5
9/2/1982,2.3
11/2/1982,0
13-02-1982,6.9
14-02-1982,9
20-02-1982,0.4
22-02-1982,0.9
23-02-1982,12.6
24-02-1982,0.5
27-02-1982,6.4
2/3/1982,18.7
3/3/1982,16.4
5/3/1982,1
6/3/1982,5.5
8/3/1982,0.2
9/3/1982,6.8
10/3/1982,6.4
11/3/1982,0
13-03-1982,12.5
16-03-1982,0
17-03-1982,6.2
18-03-1982,0.2
23-03-1982,0.2
24-03-1982,19.2
25-03-1982,5.3
26-03-1982,3.4
27-03-1982,4.8
3/4/1982,1.2
4/4/1982,2.2
28-04-1982,0
12/5/1982,0
31-05-1982,0
14-10-1982,0
15-10-1982,0
18-10-1982,0
6/11/1982,5.9
7/11/1982,23.8
8/11/1982,5.5
9/11/1982,22.4
10/11/1982,4.4
11/11/1982,2.7
12/11/1982,0.4
19-11-1982,1.9
21-11-1982,3.5
22-11-1982,2.2
23-11-1982,5.4
24-11-1982,0.6
25-11-1982,25.5
26-11-1982,0
27-11-1982,0
3/12/1982,4.8
4/12/1982,34.1
5/12/1982,12.1
6/12/1982,3.4
8/12/1982,1.6
13-12-1982,35.8
20-12-1982,0
21-12-1982,2
22-12-1982,0
28-12-1982,1.2
29-12-1982,14
30-12-1982,0.4
31-12-1982,45.5
1/1/1983,17
2/1/1983,14.8
3/1/1983,8.5
4/1/1983,16.3
5/1/1983,4.7
6/1/1983,0.2
8/1/1983,0
13-01-1983,2
14-01-1983,21.3
15-01-1983,1.2
16-01-1983,0
17-01-1983,8.9
18-01-1983,32.3
22-01-1983,7.9
23-01-1983,19
24-01-1983,10.1
25-01-1983,0
26-01-1983,0.1
2/2/1983,17.5
3/2/1983,2.6
4/2/1983,4
6/2/1983,3.8
13-02-1983,0.2
16-02-1983,3.2
17-02-1983,5
18-02-1983,18
19-02-1983,16.9
20-02-1983,12.4
21-02-1983,17.9
24-02-1983,1.4
25-02-1983,0.3
26-02-1983,4.8
27-02-1983,5.8
28-02-1983,0
3/3/1983,0
4/3/1983,26.3
5/3/1983,44.8
6/3/1983,2.5
14-03-1983,3.2
15-03-1983,12.6
20-03-1983,1.3
21-03-1983,6.6
22-03-1983,6
1/4/1983,0
16-04-1983,0.5
17-04-1983,0
18-04-1983,3.6
13-05-1983,0
14-05-1983,1.2
3/10/1983,0
13-10-1983,1.5
14-10-1983,0
30-10-1983,8.2
6/11/1983,1
7/11/1983,0.8
8/11/1983,5
12/11/1983,21.7
13-11-1983,3.8
14-11-1983,5.6
20-11-1983,0
21-11-1983,2.5
10/12/1983,2.3
11/12/1983,21
13-12-1983,4.1
16-12-1983,0
17-12-1983,0.1
21-12-1983,9.6
25-12-1983,0
26-12-1983,2
27-12-1983,0
1/1/1984,17.7
4/1/1984,2.2
8/1/1984,0.8
9/1/1984,15.9
14-01-1984,0
15-01-1984,2.9
16-01-1984,0.2
17-01-1984,29.9
18-01-1984,7.1
19-01-1984,0
26-01-1984,13.7
27-01-1984,9.8
6/2/1984,1.8
7/2/1984,29.4
8/2/1984,3.6
9/3/1984,0
11/3/1984,1.3
12/3/1984,4
13-03-1984,17.4
14-03-1984,15.2
15-03-1984,0.1
16-03-1984,2.3
17-03-1984,12.5
18-03-1984,8.5
22-03-1984,0.9
23-03-1984,2.5
25-03-1984,10.3
26-03-1984,3
8/4/1984,3
9/4/1984,0.2
10/4/1984,8.6
15-04-1984,12.6
16-04-1984,0.5
23-04-1984,4.1
24-04-1984,0.7
13-05-1984,0
2/6/1984,0
16-10-1984,14.4
17-10-1984,3.5
31-10-1984,0.7
2/11/1984,6
3/11/1984,0.4
10/11/1984,4.6
11/11/1984,0.5
12/11/1984,2.3
16-11-1984,1.7
17-11-1984,9.7
23-11-1984,3.1
24-11-1984,4.4
2/12/1984,0
3/12/1984,0
4/12/1984,2.9
9/12/1984,4.8
12/12/1984,4.6
13-12-1984,22.4
1/1/1985,0.4
2/1/1985,0.4
10/1/1985,0.1
11/1/1985,0.1
12/1/1985,0.1
14-01-1985,0
17-01-1985,0.1
18-01-1985,0
20-01-1985,0.3
21-01-1985,16.7
22-01-1985,0.1
27-01-1985,0
31-01-1985,46.9
1/2/1985,40.7
2/2/1985,42.4
3/2/1985,0.7
4/2/1985,4.3
5/2/1985,1.4
14-02-1985,11.8
15-02-1985,14.7
16-02-1985,0
17-02-1985,2.2
20-02-1985,0.5
21-02-1985,1.7
24-02-1985,3.6
25-02-1985,19.2
26-02-1985,10.5
22-03-1985,7.4
23-03-1985,1.2
1/4/1985,0.5
21-04-1985,7.2
22-04-1985,30.3
10/5/1985,0
11/5/1985,0
13-05-1985,0
14-05-1985,0
15-05-1985,0
23-05-1985,0
14-09-1985,1.8
8/10/1985,0
11/10/1985,0
18-10-1985,0
19-10-1985,25.4
30-10-1985,0
31-10-1985,0
9/11/1985,13
10/11/1985,0
29-11-1985,0
30-11-1985,2.4
1/12/1985,1.8
3/12/1985,6.6
12/12/1985,0
15-12-1985,0.4
16-12-1985,0.1
17-12-1985,4
18-12-1985,5.1
19-12-1985,2.3
22-12-1985,0
23-12-1985,0
25-12-1985,17.1
26-12-1985,14.3
27-12-1985,4.4
2/1/1986,3
3/1/1986,0.4
8/1/1986,0.2
11/1/1986,6.7
12/1/1986,18.8
14-01-1986,12.1
15-01-1986,53.5
18-01-1986,8
19-01-1986,0
22-01-1986,0.8
3/2/1986,0
4/2/1986,0.7
5/2/1986,20.2
6/2/1986,4
8/2/1986,18.3
9/2/1986,8.2
13-02-1986,7
14-02-1986,34.1
15-02-1986,1.5
17-02-1986,0
24-02-1986,2.1
9/3/1986,0
18-03-1986,0
19-03-1986,0
25-03-1986,0.2
29-03-1986,5.2
30-03-1986,11.5
31-03-1986,1
1/4/1986,7.9
2/4/1986,15.4
7/4/1986,3.4
8/4/1986,0
14-04-1986,0.1
15-04-1986,0
25-04-1986,1.8
26-04-1986,0
2/5/1986,16
3/5/1986,3.4
11/5/1986,2.1
12/5/1986,0
10/6/1986,0
12/6/1986,0.7
30-09-1986,3.4
1/10/1986,25.5
2/10/1986,9.8
3/10/1986,0.6
13-10-1986,0
1/11/1986,38.5
2/11/1986,30.2
3/11/1986,8.3
6/11/1986,9.4
7/11/1986,90.4
8/11/1986,55.1
9/11/1986,40.1
10/11/1986,0.5
11/11/1986,8.9
12/11/1986,0.1
17-11-1986,1.9
18-11-1986,25
27-11-1986,0
28-11-1986,3.6
29-11-1986,3
30-11-1986,12.7
1/12/1986,10.4
2/12/1986,1.5
8/12/1986,0.3
9/12/1986,16.7
10/12/1986,0.1
12/12/1986,10.5
13-12-1986,29.4
14-12-1986,3.3
17-12-1986,0.6
18-12-1986,7.2
19-12-1986,19.4
20-12-1986,2
21-12-1986,0.9
27-12-1986,0.2
29-12-1986,9.2
30-12-1986,0.8
1/1/1987,0.6
2/1/1987,11.8
3/1/1987,0.7
5/1/1987,7.6
6/1/1987,13.7
9/1/1987,0.9
10/1/1987,0
22-01-1987,0.3
23-01-1987,4.3
24-01-1987,21.7
25-01-1987,5.5
26-01-1987,0.2
27-01-1987,1.2
3/2/1987,0.5
7/2/1987,0.4
8/2/1987,0.5
9/2/1987,9.4
25-02-1987,0.5
26-02-1987,2.1
27-02-1987,10.4
28-02-1987,0.5
1/3/1987,0
2/3/1987,2
4/3/1987,0
5/3/1987,4.7
7/3/1987,0.7
8/3/1987,8.2
9/3/1987,0.7
10/3/1987,2.8
11/3/1987,0
12/3/1987,1.8
13-03-1987,3.2
14-03-1987,15.6
16-03-1987,0.1
18-03-1987,0
23-03-1987,1.2
24-03-1987,5
25-03-1987,0.7
3/4/1987,1.2
18-04-1987,0.3
22-05-1987,0
3/10/1987,1
5/10/1987,7
6/10/1987,0
17-10-1987,10.7
18-10-1987,3.3
21-10-1987,17.1
22-10-1987,15.7
23-10-1987,8.6
24-10-1987,0.6
28-10-1987,0.6
29-10-1987,2.5
30-10-1987,0.1
1/11/1987,0.4
6/11/1987,4.1
3/12/1987,1.7
4/12/1987,10.8
5/12/1987,26.3
6/12/1987,1.8
7/12/1987,0.6
12/12/1987,14
13-12-1987,5.7
14-12-1987,2.7
18-12-1987,0.2
19-12-1987,24.7
20-12-1987,33.2
21-12-1987,1.9
22-12-1987,10.8
23-12-1987,54
24-12-1987,15.8
25-12-1987,13.4
26-12-1987,1.5
27-12-1987,1.2
29-12-1987,8.6
3/1/1988,2.9
4/1/1988,21.2
5/1/1988,25.5
6/1/1988,15.6
10/1/1988,0.4
11/1/1988,0.7
12/1/1988,4.7
13-01-1988,2.1
14-01-1988,0
15-01-1988,16.8
16-01-1988,8.7
17-01-1988,10.3
18-01-1988,0.7
21-01-1988,1.4
22-01-1988,1
25-01-1988,4.7
27-01-1988,0
28-01-1988,0.1
31-01-1988,1.1
1/2/1988,27.8
2/2/1988,9.7
3/2/1988,0.1
6/2/1988,0.1
7/2/1988,0.1
12/2/1988,0.1
13-02-1988,3.8
15-02-1988,9.7
16-02-1988,16.5
17-02-1988,40.8
18-02-1988,12.3
21-02-1988,3.4
22-02-1988,11.4
23-02-1988,40.3
24-02-1988,0
26-02-1988,0
27-02-1988,2.7
28-02-1988,0
29-02-1988,0
1/3/1988,0
3/3/1988,2.9
6/3/1988,9.7
7/3/1988,3.9
8/3/1988,0.4
10/3/1988,0.7
11/3/1988,0.3
13-03-1988,3.2
19-03-1988,7.5
20-03-1988,1.5
21-03-1988,0.1
22-03-1988,0.3
25-03-1988,0.2
16-04-1988,4.5
22-04-1988,0
23-04-1988,1.1
29-04-1988,0.1
26-05-1988,0
3/10/1988,0
18-10-1988,3.2
29-10-1988,4.6
30-10-1988,1.4
2/11/1988,0
3/11/1988,2
10/11/1988,3
11/11/1988,31.8
12/11/1988,1.5
18-11-1988,47.5
19-11-1988,0.1
27-11-1988,0.6
6/12/1988,9.3
13-12-1988,1.4
14-12-1988,13.8
16-12-1988,1.8
18-12-1988,45.4
19-12-1988,61.3
20-12-1988,2.2
23-12-1988,0
24-12-1988,15.9
25-12-1988,21.7
26-12-1988,7.6
27-12-1988,0.7
28-12-1988,0.1
1/1/1989,0
2/1/1989,9.1
3/1/1989,4
7/1/1989,16
8/1/1989,7.7
9/1/1989,1.6
10/1/1989,0.5
15-01-1989,27.8
16-01-1989,0.3
20-01-1989,14.3
21-01-1989,9.5
22-01-1989,0.5
23-01-1989,1.8
27-01-1989,0
28-01-1989,2
1/2/1989,1.8
9/2/1989,4
10/2/1989,17.5
11/2/1989,11.9
12/2/1989,10.4
13-02-1989,2.1
17-02-1989,0.8
18-02-1989,20
19-02-1989,2.8
9/3/1989,3.6
10/3/1989,0.3
13-03-1989,15.3
14-03-1989,38.8
15-03-1989,7.2
16-03-1989,0.8
27-03-1989,0
28-03-1989,9
4/5/1989,0
5/5/1989,0
6/10/1989,1
12/10/1989,0
17-10-1989,4.2
18-10-1989,0.6
19-10-1989,6.5
20-10-1989,10.9
29-10-1989,0
30-10-1989,4.5
9/11/1989,0.6
11/11/1989,3.8
13-11-1989,23.4
14-11-1989,45.9
15-11-1989,53.6
16-11-1989,14.4
17-11-1989,2.7
18-11-1989,2
29-11-1989,0.5
30-11-1989,0.1
1/12/1989,0.8
6/12/1989,3.4
7/12/1989,48.4
8/12/1989,10.4
11/12/1989,22.6
13-12-1989,0.9
14-12-1989,4.4
31-12-1989,0
1/1/1990,0
3/1/1990,68.6
4/1/1990,52.7
5/1/1990,0.2
8/1/1990,4.1
10/1/1990,0.8
14-01-1990,6
15-01-1990,5.4
16-01-1990,2.3
17-01-1990,0.3
19-01-1990,0
20-01-1990,2
21-01-1990,7.7
22-01-1990,1.3
23-01-1990,1.5
25-01-1990,0.8
26-01-1990,17
27-01-1990,2.5
31-01-1990,0.8
1/2/1990,8
2/2/1990,8.5
5/2/1990,1.8
6/2/1990,11.6
7/2/1990,0.4
8/2/1990,0
9/2/1990,6.6
10/2/1990,24.8
14-02-1990,9.3
15-02-1990,0.2
17-02-1990,2.3
18-02-1990,1.1
24-02-1990,2.4
28-02-1990,1
1/3/1990,9.7
6/3/1990,1.1
7/3/1990,0.1
11/3/1990,3.4
12/3/1990,16
13-03-1990,0.7
31-03-1990,16.3
1/4/1990,22.3
2/4/1990,5.7
9/4/1990,0
11/4/1990,0
12/4/1990,0
20-04-1990,0
27-04-1990,0
28-04-1990,0
8/5/1990,0
9/5/1990,0
11/5/1990,0.2
18-06-1990,0
17-10-1990,0
18-10-1990,1.6
27-10-1990,1.6
28-10-1990,0
8/11/1990,3.4
9/11/1990,2.9
10/11/1990,1.9
11/11/1990,1.6
26-11-1990,0
3/12/1990,5.2
13-12-1990,0.2
20-12-1990,5
22-12-1990,0.1
23-12-1990,0
24-12-1990,0.4
25-12-1990,0.4
3/1/1991,17.3
4/1/1991,0.2
7/1/1991,1
8/1/1991,0.2
12/1/1991,0.2
17-01-1991,0
20-01-1991,4.8
21-01-1991,18.7
22-01-1991,25.9
23-01-1991,10.3
24-01-1991,11.5
25-01-1991,18.8
26-01-1991,3.6
29-01-1991,25.6
30-01-1991,40.6
31-01-1991,33.9
1/2/1991,4.2
2/2/1991,23.4
3/2/1991,0.3
6/2/1991,3
7/2/1991,4.1
8/2/1991,7.2
16-02-1991,6.5
25-02-1991,6.5
26-02-1991,17.6
27-02-1991,5
2/3/1991,0.9
4/3/1991,9.5
5/3/1991,45.2
6/3/1991,0.3
7/3/1991,0.8
12/3/1991,0.3
13-03-1991,8.5
17-03-1991,0
21-03-1991,6.2
22-03-1991,44.6
23-03-1991,0.1
24-03-1991,12.3
4/4/1991,0
9/4/1991,24.7
10/4/1991,3.7
29-04-1991,0.1
30-04-1991,1
1/5/1991,0
22-05-1991,0.1
12/10/1991,0
13-10-1991,0.1
14-10-1991,0
25-10-1991,1.1
2/11/1991,1.2
3/11/1991,18.6
4/11/1991,7.7
27-11-1991,0
28-11-1991,14.5
29-11-1991,49.8
30-11-1991,86.9
1/12/1991,31.6
2/12/1991,42.3
3/12/1991,18.2
4/12/1991,8
5/12/1991,1.6
8/12/1991,0.6
9/12/1991,10.1
10/12/1991,0.3
11/12/1991,7.9
12/12/1991,46
13-12-1991,25.7
14-12-1991,2.5
18-12-1991,8.9
19-12-1991,11.7
20-12-1991,4.3
24-12-1991,45.5
25-12-1991,7.4
27-12-1991,49.8
28-12-1991,0
30-12-1991,7.2
31-12-1991,55.6
1/1/1992,91
2/1/1992,14.5
3/1/1992,1.7
7/1/1992,1.9
12/1/1992,0
13-01-1992,5.2
14-01-1992,8.2
15-01-1992,1.1
16-01-1992,13
17-01-1992,3.1
18-01-1992,0.3
19-01-1992,16.3
20-01-1992,5.7
21-01-1992,6.2
22-01-1992,4.8
28-01-1992,0
29-01-1992,1
30-01-1992,20.8
31-01-1992,20.1
1/2/1992,11.2
2/2/1992,0.2
3/2/1992,37.6
4/2/1992,34.7
6/2/1992,7.9
7/2/1992,1
8/2/1992,20
9/2/1992,5.3
10/2/1992,1.5
11/2/1992,0.7
12/2/1992,1.4
19-02-1992,3.4
20-02-1992,3.2
21-02-1992,0
22-02-1992,4.7
23-02-1992,61.4
24-02-1992,32.4
25-02-1992,33.2
26-02-1992,4.7
27-02-1992,6.5
29-02-1992,2.2
4/3/1992,1
14-03-1992,4.1
15-03-1992,3.1
20-03-1992,0.1
21-03-1992,10.3
22-03-1992,19.6
12/4/1992,0
16-04-1992,0.3
20-04-1992,0
21-04-1992,0
7/5/1992,0
8/5/1992,5.5
15-05-1992,1.1
16-06-1992,3.3
26-09-1992,0.6
28-10-1992,0
6/11/1992,0
10/11/1992,2.2
11/11/1992,0
15-11-1992,1
21-11-1992,10.9
23-11-1992,76
24-11-1992,0
25-11-1992,0
1/12/1992,14.8
2/12/1992,20
3/12/1992,6.7
4/12/1992,4
7/12/1992,5.9
12/12/1992,4.9
13-12-1992,12.7
14-12-1992,39.2
15-12-1992,91.1
16-12-1992,56.3
17-12-1992,13.2
18-12-1992,0
21-12-1992,3.8
22-12-1992,0.3
23-12-1992,18.1
24-12-1992,13.7
25-12-1992,1.4
26-12-1992,2.6
2/1/1993,5.6
7/1/1993,21.4
8/1/1993,17.7
9/1/1993,39.7
10/1/1993,20
11/1/1993,11.1
12/1/1993,0.3
28-01-1993,0.5
31-01-1993,16.2
1/2/1993,20.9
2/2/1993,21.1
3/2/1993,4.5
4/2/1993,3.8
5/2/1993,0.4
8/2/1993,13.7
9/2/1993,6.7
10/2/1993,44.3
11/2/1993,13.1
12/2/1993,3.5
13-02-1993,6.1
15-02-1993,1
26-02-1993,0
27-02-1993,0.1
4/3/1993,2.3
5/3/1993,0
6/3/1993,7.6
7/3/1993,0
11/3/1993,4.8
17-03-1993,2.4
18-03-1993,4.9
21-03-1993,0
31-03-1993,2.9
1/4/1993,0
7/4/1993,0
4/5/1993,1.8
5/5/1993,1.2
9/5/1993,0
12/5/1993,0
18-05-1993,0.2
30-05-1993,0
6/6/1993,0
24-09-1993,0
5/10/1993,0
16-10-1993,0
17-10-1993,0.2
31-10-1993,14.5
1/11/1993,2.2
2/11/1993,0.8
11/11/1993,3
14-11-1993,11
18-11-1993,0.9
24-11-1993,1.4
25-11-1993,0.1
7/12/1993,0.2
8/12/1993,0
13-12-1993,8.5
14-12-1993,0
21-12-1993,0.2
22-12-1993,0.5
23-12-1993,0.3
1/1/1994,8.2
3/1/1994,2
4/1/1994,19.5
13-01-1994,0.1
14-01-1994,4
15-01-1994,15.8
16-01-1994,5.6
22-01-1994,17.3
23-01-1994,8
24-01-1994,11.1
25-01-1994,5.1
26-01-1994,8.2
28-01-1994,0.5
30-01-1994,0
31-01-1994,20.1
1/2/1994,4.1
2/2/1994,0.4
11/2/1994,21.3
13-02-1994,5
15-02-1994,0.2
22-02-1994,10.9
23-02-1994,24.2
24-02-1994,7.1
26-02-1994,5.1
27-02-1994,15.3
5/3/1994,3.6
6/3/1994,13.9
7/3/1994,0.2
10/3/1994,2
11/3/1994,12.6
12/3/1994,10.8
13-03-1994,24.1
14-03-1994,0.1
31-03-1994,12.8
1/4/1994,16.3
3/5/1994,7.7
4/5/1994,0
11/5/1994,0
16-07-1994,0
1/8/1994,0
6/10/1994,0
8/10/1994,0
9/10/1994,0.1
10/10/1994,0.2
11/10/1994,0.9
15-10-1994,5.4
16-10-1994,3.8
17-10-1994,6
2/11/1994,4.3
3/11/1994,3.6
4/11/1994,0.4
5/11/1994,8.8
6/11/1994,10.2
7/11/1994,0.4
13-11-1994,0.1
14-11-1994,14.5
15-11-1994,45.7
16-11-1994,32.4
17-11-1994,15.5
19-11-1994,0.2
20-11-1994,0
22-11-1994,3.8
23-11-1994,57.7
24-11-1994,30.6
26-11-1994,18.4
27-11-1994,66.8
28-11-1994,0.4
29-11-1994,30.8
30-11-1994,2.7
1/12/1994,8
2/12/1994,30
3/12/1994,17.3
4/12/1994,3.4
5/12/1994,1.3
12/12/1994,19.9
16-12-1994,3.4
17-12-1994,8.1
18-12-1994,46.6
19-12-1994,7
20-12-1994,1.8
28-12-1994,1.3
29-12-1994,21.2
30-12-1994,0.7
31-12-1994,0
7/1/1995,0
17-01-1995,30.2
18-01-1995,13.1
19-01-1995,1
21-01-1995,1
24-01-1995,0
29-01-1995,0
3/2/1995,0.1
4/2/1995,2.5
5/2/1995,18.8
6/2/1995,5.9
7/2/1995,35.8
8/2/1995,16.7
14-02-1995,0
21-02-1995,1.5
22-02-1995,6.8
15-03-1995,0.5
16-03-1995,0.9
24-03-1995,12.9
25-03-1995,7.6
26-03-1995,0.6
2/4/1995,9.6
3/4/1995,7.6
10/4/1995,0
1/5/1995,0
5/5/1995,0.3
1/10/1995,0
28-10-1995,0
1/11/1995,3.1
2/11/1995,0.3
7/11/1995,14.7
8/11/1995,37.6
9/11/1995,16.2
20-11-1995,0
21-11-1995,1.4
22-11-1995,21.2
23-11-1995,6.2
24-11-1995,4.8
4/12/1995,10.2
8/12/1995,0.1
9/12/1995,0.1
10/12/1995,7.1
11/12/1995,13.1
12/12/1995,21.3
13-12-1995,1.3
16-12-1995,11
1/1/1996,0.5
2/1/1996,0.1
3/1/1996,1.8
4/1/1996,7.6
5/1/1996,3.3
6/1/1996,12.6
7/1/1996,4.3
10/1/1996,0.3
11/1/1996,2.6
16-01-1996,6
17-01-1996,70.8
18-01-1996,42.7
19-01-1996,33.2
21-01-1996,4.3
22-01-1996,0.3
23-01-1996,7.7
1/2/1996,0
2/2/1996,0.2
3/2/1996,0.8
4/2/1996,4.1
9/2/1996,0
10/2/1996,8.1
11/2/1996,6.8
14-02-1996,1.1
19-02-1996,2.5
20-02-1996,8.4
26-02-1996,4.4
28-02-1996,0.1
29-02-1996,1.3
1/3/1996,8.6
2/3/1996,4.7
6/3/1996,26.5
7/3/1996,8.1
8/3/1996,0
11/3/1996,0.1
14-03-1996,0
18-03-1996,0
19-03-1996,0.1
20-03-1996,2.5
21-03-1996,3.5
22-03-1996,4.4
23-03-1996,30.2
24-03-1996,22.6
25-03-1996,15.5
26-03-1996,3.8
12/4/1996,3.3
13-04-1996,8.1
17-04-1996,1.2
20-04-1996,0.1
22-04-1996,0.2
23-04-1996,3
3/5/1996,0
8/9/1996,0
10/10/1996,0
12/10/1996,6.1
13-10-1996,0.1
14-10-1996,0.2
21-10-1996,0
22-10-1996,0
25-10-1996,6.3
28-10-1996,18
29-10-1996,17
1/11/1996,0.6
5/11/1996,0.8
6/11/1996,5
17-11-1996,5.1
3/12/1996,0
5/12/1996,16.4
7/12/1996,0.4
8/12/1996,2.3
9/12/1996,0.2
12/12/1996,21
13-12-1996,14.4
21-12-1996,2.7
28-12-1996,0
29-12-1996,2.8
7/1/1997,0
8/1/1997,0
9/1/1997,0.1
13-01-1997,7.2
14-01-1997,0.2
15-01-1997,24.4
16-01-1997,20
21-01-1997,2.1
22-01-1997,37.7
24-01-1997,0.1
26-01-1997,7
27-01-1997,1.5
28-01-1997,0
30-01-1997,10.9
2/2/1997,8
3/2/1997,23
4/2/1997,1.1
20-02-1997,3.9
21-02-1997,26.8
22-02-1997,32.1
23-02-1997,2.5
24-02-1997,6.9
25-02-1997,1.4
26-02-1997,1.9
2/3/1997,8.1
3/3/1997,2.7
4/3/1997,1.8
5/3/1997,0.5
6/3/1997,4.5
13-03-1997,7
14-03-1997,17.6
15-03-1997,29.6
16-03-1997,7.8
17-03-1997,6.1
18-03-1997,17.7
20-03-1997,0
21-03-1997,0.1
22-03-1997,17.6
23-03-1997,7.4
24-03-1997,8.2
6/4/1997,0.4
7/4/1997,0.2
8/4/1997,0.3
9/4/1997,0.6
10/4/1997,2.1
12/4/1997,0
15-05-1997,1.1
10/6/1997,0.4
5/8/1997,0
28-09-1997,1.8
17-10-1997,2.1
18-10-1997,32.5
22-10-1997,3
27-10-1997,0.1
2/11/1997,0.9
3/11/1997,12.2
4/11/1997,13.8
5/11/1997,3
10/11/1997,0
17-11-1997,13.8
22-11-1997,0.8
29-11-1997,14
30-11-1997,16.3
8/12/1997,12.5
9/12/1997,8.2
10/12/1997,1.4
12/12/1997,10.5
13-12-1997,0.6
15-12-1997,18.2
16-12-1997,11.2
17-12-1997,2
18-12-1997,8.8
19-12-1997,5.6
23-12-1997,0.6
25-12-1997,1
28-12-1997,7.8
30-12-1997,6
4/1/1998,9.6
5/1/1998,3.9
6/1/1998,2.7
7/1/1998,0
10/1/1998,16.5
11/1/1998,21.9
15-01-1998,0.1
17-01-1998,2.8
18-01-1998,0.7
19-01-1998,2.8
20-01-1998,0
24-01-1998,11.8
25-01-1998,30.2
28-01-1998,0.3
29-01-1998,14.3
30-01-1998,6.1
7/2/1998,2.8
8/2/1998,5.6
9/2/1998,6.7
10/2/1998,17.6
11/2/1998,1.5
13-02-1998,0.1
14-02-1998,2.5
27-02-1998,0
28-02-1998,5.1
1/3/1998,13.9
7/3/1998,4.3
16-03-1998,6
17-03-1998,26.6
18-03-1998,20.2
19-03-1998,26.7
20-03-1998,1.9
23-03-1998,0.7
24-03-1998,1.9
28-03-1998,2.9
29-03-1998,11.8
30-03-1998,8.9
2/4/1998,0.5
3/4/1998,0
24-04-1998,0
25-04-1998,0
26-04-1998,0
7/5/1998,0
8/5/1998,0
9/5/1998,1.9
10/5/1998,0
12/5/1998,0
14-05-1998,0.9
15-05-1998,0.4
21-09-1998,0
22-09-1998,0
24-09-1998,1
16-10-1998,0
28-10-1998,0.9
10/11/1998,5.1
11/11/1998,1.3
15-11-1998,0.3
9/12/1998,0.2
10/12/1998,4.3
14-12-1998,0.4
20-12-1998,2.8
24-12-1998,3.6
25-12-1998,10.9
26-12-1998,11
31-12-1998,10.5
8/1/1999,1
9/1/1999,3
15-01-1999,2.1
16-01-1999,52.2
17-01-1999,10.4
18-01-1999,65.9
19-01-1999,4.6
23-01-1999,1.5
26-01-1999,3.2
27-01-1999,9
28-01-1999,1
5/2/1999,27.4
7/2/1999,1.6
8/2/1999,0.2
19-02-1999,22
20-02-1999,0.1
28-02-1999,0.2
3/3/1999,0.4
20-03-1999,3
21-03-1999,2
22-03-1999,10.5
25-03-1999,0
31-03-1999,0.5
6/4/1999,2
7/4/1999,12.5
12/9/1999,0
15-09-1999,0
9/10/1999,0
10/10/1999,0.8
18-10-1999,0.8
24-10-1999,1
25-10-1999,2
31-10-1999,0.6
5/11/1999,3.2
6/11/1999,2.5
24-11-1999,1.1
25-11-1999,1
26-11-1999,5
30-11-1999,6
12/12/1999,0.4
13-12-1999,4
14-12-1999,14.2
15-12-1999,0
24-12-1999,1.4
25-12-1999,11.8
26-12-1999,0.4
3/1/2000,4.1
4/1/2000,53.9
5/1/2000,86.9
6/1/2000,0.2
7/1/2000,0
8/1/2000,2.4
9/1/2000,8.4
10/1/2000,0.4
18-01-2000,36.6
19-01-2000,0
20-01-2000,13.9
21-01-2000,1.5
22-01-2000,24.3
23-01-2000,0.1
25-01-2000,3.4
26-01-2000,27.4
27-01-2000,63.1
28-01-2000,13.7
5/2/2000,3.2
12/2/2000,21.6
13-02-2000,8.1
14-02-2000,0.5
16-02-2000,1.9
22-02-2000,0
23-02-2000,1
26-02-2000,0.5
27-02-2000,1.9
29-02-2000,3.5
1/3/2000,16.6
2/3/2000,0.2
4/3/2000,0
6/3/2000,1.9
7/3/2000,0.2
13-03-2000,0
21-03-2000,4.9
22-03-2000,4
23-03-2000,18.6
24-03-2000,0
8/4/2000,0
9/4/2000,0.1
18-04-2000,0
13-09-2000,0
14-09-2000,0
28-09-2000,0
13-10-2000,2
20-10-2000,1.9
22-10-2000,0
23-10-2000,23
24-10-2000,54.2
25-10-2000,33.2
26-10-2000,1.5
30-10-2000,0
31-10-2000,0.2
17-11-2000,0
18-11-2000,0
28-11-2000,0.7
29-11-2000,2.4
30-11-2000,8.7
8/12/2000,12.2
9/12/2000,0.8
10/12/2000,0.8
11/12/2000,0.9
12/12/2000,3.1
13-12-2000,13.2
14-12-2000,1.4
15-12-2000,0
18-12-2000,0
19-12-2000,29.6
20-12-2000,28.5
21-12-2000,1.7
23-12-2000,2
24-12-2000,7.9
25-12-2000,0.5
2/1/2001,8.4
3/1/2001,4.1
4/1/2001,0.3
18-01-2001,16.4
19-01-2001,18.9
20-01-2001,1.1
22-01-2001,7
23-01-2001,7.5
24-01-2001,17.7
25-01-2001,3.4
3/2/2001,19.5
4/2/2001,12.1
5/2/2001,2.6
6/2/2001,0.5
7/2/2001,12.5
14-02-2001,5.8
15-02-2001,5.5
16-02-2001,3.4
17-02-2001,17.9
18-02-2001,0.1
20-02-2001,6.2
21-02-2001,8
23-02-2001,0
8/3/2001,0.3
23-03-2001,2.5
7/4/2001,2.4
8/4/2001,1.4
29-04-2001,0
30-04-2001,0
1/5/2001,11.5
12/5/2001,0
17-10-2001,0.8
21-10-2001,18.6
22-10-2001,0.5
26-10-2001,0
27-10-2001,25.2
28-10-2001,10.3
29-10-2001,0.3
3/11/2001,0.2
5/11/2001,0.1
6/11/2001,5.3
10/11/2001,0
16-11-2001,6.5
17-11-2001,3
21-11-2001,13.7
22-11-2001,0.3
25-11-2001,12
26-11-2001,3.9
30-11-2001,32.9
3/12/2001,0
4/12/2001,55.4
5/12/2001,75.2
7/12/2001,2
12/12/2001,0.1
14-12-2001,13.2
15-12-2001,0.9
18-12-2001,4.6
19-12-2001,22.1
20-12-2001,2.5
29-12-2001,0
30-12-2001,0.3
2/1/2002,18
6/1/2002,29.1
7/1/2002,71.1
8/1/2002,21.9
9/1/2002,36.8
11/1/2002,4.8
12/1/2002,1
16-01-2002,0
19-01-2002,0
20-01-2002,15.4
21-01-2002,7.3
22-01-2002,5
27-01-2002,7.6
28-01-2002,3.5
29-01-2002,2.8
7/2/2002,0
10/2/2002,6.4
11/2/2002,4.2
12/2/2002,20.3
13-02-2002,1.8
24-02-2002,0
25-02-2002,4
13-03-2002,0
14-03-2002,0
16-03-2002,0
17-03-2002,8.8
19-03-2002,1.2
20-03-2002,0.4
21-03-2002,1.1
25-03-2002,2.5
26-03-2002,3.4
27-03-2002,4.9
28-03-2002,21.6
29-03-2002,4.4
30-03-2002,0
31-03-2002,3.4
2/4/2002,14.8
3/4/2002,0.6
4/4/2002,0.4
6/4/2002,0
19-04-2002,0.5
20-04-2002,6.6
21-04-2002,0
26-04-2002,0.2
9/5/2002,0
13-05-2002,0
14-05-2002,3.2
14-08-2002,0
5/9/2002,0
11/9/2002,0.1
3/10/2002,0
14-10-2002,0.1
15-10-2002,1.2
20-10-2002,2
5/11/2002,2
8/11/2002,0
9/11/2002,0
12/11/2002,0
23-11-2002,4.3
24-11-2002,1.1
28-11-2002,3.1
29-11-2002,1.7
9/12/2002,56.5
10/12/2002,2.4
11/12/2002,1.8
12/12/2002,0
15-12-2002,24.5
16-12-2002,8.5
17-12-2002,24.8
18-12-2002,0
19-12-2002,25.1
20-12-2002,16.2
21-12-2002,2.2
22-12-2002,0.1
23-12-2002,2.1
24-12-2002,25.4
25-12-2002,9.5
26-12-2002,0.6
30-12-2002,3.8
2/1/2003,0.9
3/1/2003,31.9
13-01-2003,0.4
14-01-2003,2.3
15-01-2003,4.8
17-01-2003,0.6
18-01-2003,2.8
19-01-2003,8.7
20-01-2003,26.7
21-01-2003,56.1
22-01-2003,0.3
29-01-2003,7.2
3/2/2003,2.7
4/2/2003,36.7
7/2/2003,4
8/2/2003,13.5
9/2/2003,15.4
10/2/2003,13.7
11/2/2003,0
12/2/2003,1.1
13-02-2003,2.2
14-02-2003,21.9
15-02-2003,7.4
18-02-2003,0.8
19-02-2003,17.5
20-02-2003,12.9
21-02-2003,6.6
22-02-2003,0.9
23-02-2003,3.7
24-02-2003,30.2
25-02-2003,29.5
26-02-2003,5.9
27-02-2003,11.3
28-02-2003,0.1
2/3/2003,0
3/3/2003,0
5/3/2003,0
6/3/2003,0
7/3/2003,0.1
8/3/2003,0
11/3/2003,4
12/3/2003,9
13-03-2003,0.1
18-03-2003,37.2
19-03-2003,5.8
20-03-2003,3.1
21-03-2003,17.3
24-03-2003,45.4
25-03-2003,28.8
14-04-2003,0
15-04-2003,0
19-04-2003,0.6
20-04-2003,2.1
21-04-2003,0.5
26-04-2003,1.3
27-04-2003,1.7
29-05-2003,0
11/10/2003,0
29-10-2003,0.4
7/11/2003,0
8/11/2003,0
9/11/2003,8.5
10/11/2003,30.8
11/11/2003,0.9
19-11-2003,1.7
23-11-2003,0.4
1/12/2003,0.1
2/12/2003,10.5
3/12/2003,1.3
4/12/2003,24
5/12/2003,6.3
6/12/2003,11.8
14-12-2003,4.8
18-12-2003,16.3
19-12-2003,1.9
27-12-2003,13.1
28-12-2003,0.3
2/1/2004,0.2
6/1/2004,20
7/1/2004,17.5
8/1/2004,16.2
9/1/2004,4.4
11/1/2004,0
12/1/2004,7.3
13-01-2004,18.2
14-01-2004,18.3
17-01-2004,0.3
20-01-2004,0
21-01-2004,0.3
22-01-2004,5.7
23-01-2004,0.1
25-01-2004,9.3
26-01-2004,16.4
27-01-2004,1.2
30-01-2004,5
31-01-2004,22
1/2/2004,0.1
2/2/2004,0.1
3/2/2004,1.1
4/2/2004,1.1
5/2/2004,0.1
10/2/2004,0.6
13-02-2004,1.8
14-02-2004,32.2
15-02-2004,1.8
18-02-2004,1.3
19-02-2004,8.2
21-02-2004,4.6
5/3/2004,17.1
6/3/2004,0.2
12/3/2004,3.2
13-03-2004,1.1
14-03-2004,0
18-03-2004,3.3
3/4/2004,0.4
16-04-2004,0
1/5/2004,0.8
17-05-2004,0
18-05-2004,0
19-05-2004,0
29-05-2004,0
10/9/2004,0
5/10/2004,0
28-10-2004,0.4
17-11-2004,31.1
20-11-2004,1.7
21-11-2004,28.7
22-11-2004,9.4
23-11-2004,0.2
25-11-2004,10
26-11-2004,12.7
7/12/2004,11.9
8/12/2004,2.1
11/12/2004,3.4
15-12-2004,6.8
18-12-2004,0.1
20-12-2004,15.6
22-12-2004,4.6
23-12-2004,0
24-12-2004,25.8
25-12-2004,25.3
2/1/2005,9.1
3/1/2005,21.3
4/1/2005,0.2
5/1/2005,23.5
14-01-2005,6
15-01-2005,32
17-01-2005,4.5
18-01-2005,5.5
19-01-2005,45
22-01-2005,15.9
23-01-2005,5.9
31-01-2005,0.7
1/2/2005,11.6
2/2/2005,3.9
4/2/2005,39
5/2/2005,35.2
6/2/2005,10.5
7/2/2005,9.2
8/2/2005,1.6
9/2/2005,0
10/2/2005,0.5
11/2/2005,3.6
12/2/2005,0
19-02-2005,0
20-02-2005,0.5
3/3/2005,0
6/3/2005,0
7/3/2005,0.8
8/3/2005,8.3
9/3/2005,3.8
10/3/2005,1.1
11/3/2005,11.1
12/3/2005,2.4
22-03-2005,0
2/4/2005,2
3/4/2005,1.9
23-04-2005,0
5/7/2005,0
16-10-2005,0.6
18-10-2005,0.9
19-10-2005,4.1
20-10-2005,0
29-10-2005,0
30-10-2005,6.8
31-10-2005,0.5
4/11/2005,6.6
6/11/2005,4.3
7/11/2005,6
15-11-2005,6
20-11-2005,17
21-11-2005,23.6
16-12-2005,27.3
17-12-2005,3
19-12-2005,0.7
20-12-2005,3.3
22-12-2005,1.6
23-12-2005,12
24-12-2005,66
25-12-2005,2.9
26-12-2005,0.4
4/1/2006,0.1
7/1/2006,6.4
8/1/2006,1.8
9/1/2006,1.1
10/1/2006,28
11/1/2006,61.8
12/1/2006,25
13-01-2006,4.3
14-01-2006,11.3
15-01-2006,10.9
16-01-2006,3.2
17-01-2006,5.6
18-01-2006,6.9
20-01-2006,0.4
22-01-2006,0
23-01-2006,0
25-01-2006,1.6
26-01-2006,4.3
27-01-2006,2.5
28-01-2006,0.4
2/2/2006,4
3/2/2006,4.9
7/2/2006,0
8/2/2006,10.2
9/2/2006,10.1
13-02-2006,1.9
14-02-2006,13.1
15-02-2006,4.8
16-02-2006,0.9
25-02-2006,0
26-02-2006,0
9/3/2006,2.8
24-03-2006,0
25-03-2006,0
28-03-2006,0
1/4/2006,32
3/4/2006,0
4/4/2006,16.2
5/4/2006,15.5
15-04-2006,8.8
16-04-2006,5.2
17-04-2006,0
22-04-2006,0
24-04-2006,4.3
6/7/2006,0
22-09-2006,0
23-09-2006,0
25-09-2006,4.7
14-10-2006,0
15-10-2006,4.8
16-10-2006,1.8
19-10-2006,1.2
20-10-2006,0
24-10-2006,5.6
25-10-2006,0.5
27-10-2006,14.9
28-10-2006,25.9
29-10-2006,0.2
2/11/2006,9.1
4/11/2006,14
5/11/2006,0.3
14-11-2006,14.4
15-11-2006,4.1
12/12/2006,4.1
21-12-2006,0.4
22-12-2006,4.7
23-12-2006,5.2
26-12-2006,71.4
27-12-2006,11.1
29-12-2006,0
30-12-2006,1.5
31-12-2006,15.9
5/1/2007,20
6/1/2007,38.8
7/1/2007,7.4
20-01-2007,18.3
21-01-2007,0.4
28-01-2007,1.4
29-01-2007,1.7
30-01-2007,26.2
31-01-2007,0.6
2/2/2007,1.2
3/2/2007,14.4
4/2/2007,5.7
5/2/2007,13.2
6/2/2007,9.3
9/2/2007,2.3
13-02-2007,0.4
14-02-2007,0
15-02-2007,11.8
17-02-2007,0.4
25-02-2007,0.8
26-02-2007,1
28-02-2007,0.1
1/3/2007,0.6
2/3/2007,0
12/3/2007,0
13-03-2007,2.9
14-03-2007,13.7
15-03-2007,4.5
16-03-2007,19
20-03-2007,0
23-03-2007,0
26-03-2007,6.2
31-03-2007,7.9
1/4/2007,0
12/4/2007,0.2
18-04-2007,0
2/5/2007,0
3/5/2007,0
9/5/2007,0
10/5/2007,0
29-05-2007,0
8/6/2007,0
24-09-2007,0.1
17-10-2007,0
7/11/2007,0
9/11/2007,2.4
11/11/2007,2
19-11-2007,3.6
20-11-2007,34.7
21-11-2007,51.4
22-11-2007,1.7
23-11-2007,0.3
1/12/2007,5.5
2/12/2007,0.3
4/12/2007,0.5
6/12/2007,29.3
7/12/2007,22.3
8/12/2007,0.6
18-12-2007,3
19-12-2007,3
20-12-2007,21.9
22-12-2007,1
3/1/2008,8.2
4/1/2008,14.3
5/1/2008,0.5
7/1/2008,23.1
8/1/2008,7.1
9/1/2008,2.7
10/1/2008,0
21-01-2008,0.4
22-01-2008,5.1
23-01-2008,0.1
25-01-2008,0.4
26-01-2008,17.8
27-01-2008,1.9
28-01-2008,0
29-01-2008,48.5
30-01-2008,7.6
7/2/2008,0.2
8/2/2008,0.1
11/2/2008,2.7
12/2/2008,2.7
13-02-2008,17.5
14-02-2008,42.9
18-02-2008,5
19-02-2008,4.4
25-02-2008,8.2
26-02-2008,0.1
29-02-2008,0.4
1/3/2008,0.1
3/3/2008,0
9/3/2008,0
13-03-2008,0.2
29-03-2008,0.5
31-03-2008,0.1
8/5/2008,3.3
11/5/2008,0
26-09-2008,0.9
27-09-2008,1.4
29-09-2008,0.3
30-09-2008,0.1
14-10-2008,3.8
15-10-2008,0.2
22-10-2008,0
25-10-2008,26.4
26-10-2008,2.1
27-10-2008,18
28-10-2008,12.4
29-10-2008,7.6
30-10-2008,0.9
12/11/2008,5.7
13-11-2008,0.1
20-11-2008,0.4
21-11-2008,0.3
22-11-2008,2.6
27-11-2008,0.3
28-11-2008,0.1
9/12/2008,11.7
13-12-2008,1
22-12-2008,0
23-12-2008,62
24-12-2008,27
25-12-2008,5.6
29-12-2008,4.5
30-12-2008,1.6
31-12-2008,0.4
7/1/2009,1.6
11/1/2009,0.2
17-01-2009,10.4
18-01-2009,0.1
23-01-2009,0
31-01-2009,7.5
1/2/2009,0.4
9/2/2009,8.1
10/2/2009,13.1
16-02-2009,4.5
17-02-2009,1.2
19-02-2009,9
20-02-2009,26
21-02-2009,11.9
22-02-2009,10
26-02-2009,0
27-02-2009,41.3
28-02-2009,20.2
1/3/2009,6.9
2/3/2009,1.4
3/3/2009,0.6
8/3/2009,0.4
9/3/2009,1.6
13-03-2009,0.2
14-03-2009,3.5
15-03-2009,3.4
23-03-2009,18.8
24-03-2009,1.5
27-03-2009,1.2
28-03-2009,0.4
15-04-2009,0.5
12/9/2009,0.4
13-09-2009,0
19-09-2009,8.2
6/10/2009,9.3
28-10-2009,0
29-10-2009,25.7
30-10-2009,40.8
31-10-2009,0
1/11/2009,2.5
2/11/2009,41.5
3/11/2009,9.2
13-11-2009,1.5
16-11-2009,9.7
17-11-2009,1.6
24-11-2009,1.2
25-11-2009,0
3/12/2009,0.5
5/12/2009,0
6/12/2009,0.3
7/12/2009,14.4
8/12/2009,2.4
9/12/2009,0.8
13-12-2009,2.4
14-12-2009,0.1
17-12-2009,18.3
18-12-2009,30.2
20-12-2009,0
21-12-2009,0.7
22-12-2009,1.4
29-12-2009,0.1
30-12-2009,18.2
31-12-2009,0.2
3/1/2010,0
4/1/2010,0.3
13-01-2010,0
17-01-2010,11.8
18-01-2010,9.7
19-01-2010,2.1
20-01-2010,16.7
21-01-2010,5.3
24-01-2010,12.8
25-01-2010,1.7
30-01-2010,0.7
3/2/2010,4
4/2/2010,1.2
5/2/2010,12.6
25-02-2010,84
26-02-2010,21.7
27-02-2010,0
28-02-2010,21.9
1/3/2010,3.7
17-03-2010,2.5
18-03-2010,1.3
26-03-2010,23.2
27-03-2010,0.3
22-04-2010,0.1
1/5/2010,1.6
23-05-2010,0
24-06-2010,0.4
25-06-2010,1.8
8/10/2010,2.4
10/10/2010,0
22-10-2010,0
29-10-2010,1.8
30-10-2010,2.7
5/12/2010,3.4
6/12/2010,0.5
10/12/2010,0.2
11/12/2010,7.8
12/12/2010,60.7
13-12-2010,15.6
30-12-2010,1.5
31-12-2010,1.3
1/1/2011,0.4
4/1/2011,2.3
5/1/2011,14.2
7/1/2011,4.5
8/1/2011,1.6
9/1/2011,1
10/1/2011,3.4
14-01-2011,12.7
15-01-2011,1.2
16-01-2011,3.9
26-01-2011,38.6
28-01-2011,4.7
29-01-2011,19.9
30-01-2011,13.7
31-01-2011,1.3
1/2/2011,5.8
3/2/2011,0.2
4/2/2011,10.5
5/2/2011,0.9
6/2/2011,2.6
7/2/2011,8.2
9/2/2011,0.2
10/2/2011,10.5
14-02-2011,0.2
15-02-2011,0.4
16-02-2011,1.4
20-02-2011,11.1
21-02-2011,0
28-02-2011,2.6
6/3/2011,0
7/3/2011,31.8
8/3/2011,2.8
9/3/2011,6.9
10/3/2011,20.8
11/3/2011,15.4
20-03-2011,0
22-03-2011,0.7
23-03-2011,10.6
24-03-2011,22.1
3/4/2011,20.3
4/4/2011,19.6
5/4/2011,0.8
11/4/2011,0.7
12/4/2011,0.2
21-04-2011,0.2
22-04-2011,0.6
27-04-2011,0
28-04-2011,2.7
29-04-2011,0
30-04-2011,0.4
7/5/2011,0
11/5/2011,0
13-05-2011,11
14-05-2011,2.5
27-05-2011,0.3
13-06-2011,0
13-08-2011,0.6
23-09-2011,1.8
24-09-2011,1.9
25-09-2011,0
12/10/2011,0
26-10-2011,7.7
27-10-2011,0.2
29-10-2011,0.3
3/11/2011,13.2
4/11/2011,9.2
13-11-2011,4.4
14-11-2011,23.5
16-11-2011,34.4
17-11-2011,23.1
18-11-2011,16.8
19-11-2011,23.4
20-11-2011,0.8
23-11-2011,0
8/12/2011,3.9
24-12-2011,6.5
25-12-2011,11.5
1/1/2012,45.5
2/1/2012,8.2
5/1/2012,12.1
11/1/2012,17.3
12/1/2012,6.1
13-01-2012,35.5
14-01-2012,6.4
17-01-2012,2.7
18-01-2012,2.7
19-01-2012,0.9
20-01-2012,0
21-01-2012,1.1
22-01-2012,20.9
24-01-2012,0.8
26-01-2012,3.7
27-01-2012,19.2
28-01-2012,1.5
29-01-2012,0.5
30-01-2012,3.9
31-01-2012,33
1/2/2012,28
9/2/2012,3
10/2/2012,0.7
15-02-2012,1.8
16-02-2012,14.7
17-02-2012,8.2
18-02-2012,3.3
19-02-2012,2.4
23-02-2012,0
24-02-2012,2.8
25-02-2012,0.2
28-02-2012,10.2
29-02-2012,24.7
1/3/2012,19
2/3/2012,15
3/3/2012,11.4
4/3/2012,10.4
13-03-2012,0
14-03-2012,8.8
15-03-2012,0.9
16-03-2012,9.5
27-03-2012,0.5
15-04-2012,0
1/5/2012,1.6
22-05-2012,0
30-09-2012,0
1/10/2012,0
8/10/2012,0
25-10-2012,3
26-10-2012,0
27-10-2012,0.1
8/11/2012,11.4
9/11/2012,16.4
10/11/2012,12.1
11/11/2012,31.5
12/11/2012,18.2
13-11-2012,1.3
17-11-2012,0.2
22-11-2012,27.4
23-11-2012,12.6
24-11-2012,6.6
25-11-2012,0.2
26-11-2012,0.3
4/12/2012,20.7
5/12/2012,9
7/12/2012,2.2
8/12/2012,2.6
10/12/2012,13
11/12/2012,7.7
12/12/2012,5.1
13-12-2012,0.8
14-12-2012,0
16-12-2012,0
19-12-2012,2.8
20-12-2012,13.3
21-12-2012,41.4
22-12-2012,0.2
1/1/2013,1
4/1/2013,4.7
5/1/2013,93
6/1/2013,7.2
7/1/2013,56.5
8/1/2013,38.9
9/1/2013,12.2
10/1/2013,8.2
11/1/2013,0
26-01-2013,1.3
28-01-2013,19.4
29-01-2013,1.2
30-01-2013,38.8
31-01-2013,31.7
1/2/2013,15.9
5/2/2013,2
6/2/2013,0.7
11/2/2013,0.9
15-02-2013,8.6
16-02-2013,7.4
23-02-2013,0.3
16-03-2013,0.2
22-03-2013,0
23-03-2013,0
9/4/2013,0.1
16-04-2013,14.5
17-04-2013,13.5
18-04-2013,0.5
19-04-2013,0
20-04-2013,17.1
21-04-2013,1.3
22-04-2013,0.4
11/5/2013,0
13-05-2013,3.6
14-05-2013,0.6
15-05-2013,0.1
21-09-2013,2.4
24-09-2013,0.3
4/10/2013,0
18-10-2013,3.5
19-10-2013,0.3
1/11/2013,0
7/11/2013,0.5
9/11/2013,0.5
17-11-2013,0.4
18-11-2013,3.3
22-11-2013,0
27-11-2013,0
3/12/2013,0
4/12/2013,8.5
5/12/2013,13.1
6/12/2013,0.3
7/12/2013,7.1
8/12/2013,8.3
9/12/2013,0
10/12/2013,30.7
11/12/2013,22
12/12/2013,67
13-12-2013,81
14-12-2013,13.2
28-12-2013,0
29-12-2013,0.5
30-12-2013,7.5
31-12-2013,0.3
10/1/2014,4.2
11/1/2014,0
12/1/2014,0
27-01-2014,1.9
28-01-2014,0
2/2/2014,0
3/2/2014,0
4/2/2014,0
14-02-2014,0.9
15-02-2014,4.9
16-02-2014,0
24-02-2014,0.5
8/3/2014,0.1
9/3/2014,12.9
10/3/2014,0.3
11/3/2014,24.5
12/3/2014,19
13-03-2014,38.3
14-03-2014,2.2
19-04-2014,0
7/5/2014,21.5
8/5/2014,0.8
12/5/2014,0.2
5/6/2014,0.8
17-09-2014,0
29-09-2014,8.4
1/10/2014,5
2/10/2014,0
8/10/2014,0.3
9/10/2014,0
10/10/2014,0
11/10/2014,0
14-10-2014,0.3
15-10-2014,0
16-10-2014,0.1
18-10-2014,0.8
19-10-2014,5.2
30-10-2014,7.1
31-10-2014,3
1/11/2014,1.8
3/11/2014,48.8
4/11/2014,9.3
15-11-2014,52
16-11-2014,5
17-11-2014,0
21-11-2014,0.2
22-11-2014,0.4
23-11-2014,7.5
24-11-2014,4.8
25-11-2014,71.2
26-11-2014,25.1
27-11-2014,13.8
8/12/2014,0.5
9/12/2014,0.9
13-12-2014,19.7
14-12-2014,6.3
19-12-2014,0
20-12-2014,8.6
21-12-2014,0
22-12-2014,29.6
27-12-2014,1.4
1/1/2015,0
2/1/2015,1.8
3/1/2015,25.2
4/1/2015,9
6/1/2015,1.6
7/1/2015,58.5
8/1/2015,19.1
9/1/2015,18.6
10/1/2015,25.6
11/1/2015,0.8
14-01-2015,2.5
15-01-2015,13.2
16-01-2015,26.9
17-01-2015,0.5
28-01-2015,1.2
11/2/2015,5
12/2/2015,9.9
13-02-2015,25.5
15-02-2015,8.7
17-02-2015,1.1
18-02-2015,6.6
19-02-2015,27.1
20-02-2015,8.9
21-02-2015,2.2
24-02-2015,0.6
3/3/2015,1.9
4/3/2015,0.8
11/3/2015,6.6
12/3/2015,0
19-03-2015,0
21-03-2015,1.2
28-03-2015,0
31-03-2015,8.6
1/4/2015,0
9/4/2015,1
10/4/2015,6.8
11/4/2015,27
12/4/2015,25
22-04-2015,0
23-04-2015,1.6
11/5/2015,0.1
13-05-2015,0
27-06-2015,0
6/10/2015,4.8
7/10/2015,2.3
8/10/2015,3.9
9/10/2015,0.2
19-10-2015,0
25-10-2015,8.2
26-10-2015,14
27-10-2015,13.7
28-10-2015,7.4
29-10-2015,33
3/11/2015,2.8
5/11/2015,19.7
6/11/2015,21.5
7/11/2015,18
8/11/2015,6.1
9/11/2015,17.8
10/11/2015,0.2
16-11-2015,6.2
17-11-2015,11.2
18-11-2015,0
30-11-2015,12.5
1/12/2015,1
2/12/2015,4.9
3/12/2015,0
12/12/2015,29.9
13-12-2015,0.7
14-12-2015,10
17-12-2015,44.4
18-12-2015,6.8
19-12-2015,2.1
29-12-2015,0
30-12-2015,8.1
31-12-2015,22.9
1/1/2016,9.6
2/1/2016,4.6
3/1/2016,8.5
8/1/2016,14.6
14-01-2016,1.6
18-01-2016,0.2
19-01-2016,19.7
20-01-2016,0
22-01-2016,0.3
23-01-2016,5.8
24-01-2016,11.8
25-01-2016,15.3
26-01-2016,9.5
29-01-2016,0
6/2/2016,22.3
7/2/2016,5.2
8/2/2016,0.1
10/2/2016,0.2
21-02-2016,31.9
22-02-2016,19.2
23-02-2016,9.5
2/3/2016,1.5
3/3/2016,0.2
13-03-2016,0.2
14-03-2016,0
15-03-2016,3.2
16-03-2016,3.6
19-03-2016,0
20-03-2016,0.3
21-03-2016,0
25-03-2016,0
26-03-2016,0.2
27-03-2016,12.6
28-03-2016,2.1
9/4/2016,0
12/4/2016,13.9
13-04-2016,0.7
3/5/2016,1.1
23-05-2016,1.5
27-05-2016,1.7
28-06-2016,0
23-09-2016,0
27-10-2016,1.6
1/11/2016,5.8
15-11-2016,0
29-11-2016,0.1
30-11-2016,0.3
1/12/2016,74.6
2/12/2016,18
3/12/2016,0.2
8/12/2016,0.1
11/12/2016,0
12/12/2016,3.7
13-12-2016,30
14-12-2016,5.4
15-12-2016,1.1
16-12-2016,11.2
17-12-2016,0.7
18-12-2016,0.1
19-12-2016,11.8
21-12-2016,0.2
23-12-2016,0
24-12-2016,5
25-12-2016,32.8
26-12-2016,16.3
27-12-2016,33
30-12-2016,4.1
31-12-2016,8.6
1/1/2017,0
2/1/2017,8
3/1/2017,6.3
4/1/2017,1.8
12/1/2017,2.5
14-01-2017,3.1
20-01-2017,0.1
21-01-2017,0
24-01-2017,0.1
25-01-2017,0
26-01-2017,4.3
27-01-2017,7.7
28-01-2017,3.3
30-01-2017,1.1
31-01-2017,4.7
11/2/2017,10
12/2/2017,8.6
13-02-2017,12.2
14-02-2017,25.1
15-02-2017,19.2
16-02-2017,1.7
1/3/2017,0.1
2/3/2017,0.2
3/3/2017,0.1
12/3/2017,2.3
13-03-2017,0
14-03-2017,0
15-03-2017,0.9
19-03-2017,0
22-03-2017,0.8
30-03-2017,0
31-03-2017,0
1/4/2017,7.3
2/4/2017,3.5
12/4/2017,1.2
13-04-2017,0
19-05-2017,0
20-05-2017,1.3
20-06-2017,0
14-09-2017,0.5
8/10/2017,3
9/10/2017,2
13-10-2017,0
27-10-2017,0.3
29-10-2017,5.5
30-10-2017,5.2
31-10-2017,0.3
20-11-2017,12.2
21-11-2017,3.8
22-11-2017,1.1
23-11-2017,4
5/12/2017,4.5
6/12/2017,6.3
13-12-2017,0
18-12-2017,0
24-12-2017,31.3
25-12-2017,0
28-12-2017,0
29-12-2017,0
30-12-2017,0
31-12-2017,15.8
1/1/2018,20.5
4/1/2018,8.1
5/1/2018,15.9
6/1/2018,2.9
13-01-2018,1.3
14-01-2018,7.1
15-01-2018,0
16-01-2018,0
17-01-2018,11.3
18-01-2018,15.2
19-01-2018,0.9
22-01-2018,5.3
23-01-2018,16.5
24-01-2018,25.9
25-01-2018,21.4
26-01-2018,24.7
27-01-2018,1.9
28-01-2018,0.5
29-01-2018,0
12/2/2018,16.8
13-02-2018,0.3
16-02-2018,19.3
17-02-2018,33.5
21-02-2018,5.5
25-02-2018,1.1
26-02-2018,9.6
23-03-2018,0
24-03-2018,0
27-03-2018,4
28-03-2018,0
29-03-2018,1.3
9/4/2018,3.8
10/4/2018,8.5
20-04-2018,0
21-04-2018,0.5
24-04-2018,0.2
25-04-2018,17.4
26-04-2018,1
4/5/2018,0
12/5/2018,3.2
13-05-2018,0
25-05-2018,0
12/6/2018,9.9
28-07-2018,0
1/8/2018,0
2/8/2018,0
26-08-2018,0.7
7/9/2018,0
8/9/2018,0
16-10-2018,0
17-10-2018,1.3
18-10-2018,0
25-10-2018,14.1
4/11/2018,2.2
5/11/2018,23.5
6/11/2018,0
11/11/2018,0.4
14-11-2018,18.5
15-11-2018,0.1
16-11-2018,3.3
22-11-2018,14.8
23-11-2018,5.3
30-11-2018,3
1/12/2018,0.9
5/12/2018,0.6
6/12/2018,108.9
7/12/2018,68.3
8/12/2018,15.7
9/12/2018,0
12/12/2018,1.2
17-12-2018,2.5
19-12-2018,19.7
20-12-2018,26.9
23-12-2018,0.3
26-12-2018,21.2
27-12-2018,13.5
28-12-2018,0.3
29-12-2018,11.4
30-12-2018,9
2/1/2019,17.1
6/1/2019,27.4
8/1/2019,23.4
9/1/2019,12.6
13-01-2019,2.1
14-01-2019,1.1
16-01-2019,16
28-01-2019,13.8
5/2/2019,0
6/2/2019,23.9
8/2/2019,9.8
9/2/2019,9.3
10/2/2019,8.6
13-02-2019,0.1
14-02-2019,5.9
15-02-2019,8.3
16-02-2019,0.2
17-02-2019,0.5
18-02-2019,0.5
19-02-2019,0.1
26-02-2019,3.2
27-02-2019,17.5
28-02-2019,15.3
1/3/2019,0.6
2/3/2019,0.5
3/3/2019,2.7
4/3/2019,1
5/3/2019,1.8
13-03-2019,20.1
14-03-2019,10.2
15-03-2019,0
16-03-2019,12
23-03-2019,0
24-03-2019,14.3
25-03-2019,0.9
28-03-2019,0.5
29-03-2019,1.1
30-03-2019,9.8
31-03-2019,9.1
1/4/2019,9.8
6/4/2019,0
15-04-2019,2.5
16-04-2019,0
17-04-2019,0.2
19-04-2019,0.1
20-04-2019,0.8
21-04-2019,1.6
1/5/2019,0
6/6/2019,0
6/8/2019,0
5/10/2019,0
14-10-2019,0
15-10-2019,5
22-10-2019,0.3
25-10-2019,0.4
26-10-2019,10.1
27-10-2019,0.2
2/11/2019,0.1
15-11-2019,2
16-11-2019,0.3
1/12/2019,7.3
2/12/2019,0
6/12/2019,0
7/12/2019,0.6
8/12/2019,12.4
9/12/2019,9.3
10/12/2019,0.6
12/12/2019,6.3
15-12-2019,0.1
24-12-2019,0
25-12-2019,20.1
26-12-2019,53.9
27-12-2019,19.4
28-12-2019,11.9
